model,scores
ets,0.0251773940766177
auto_arima,0.024557094800747303
theta,0.026755412067077995
rwd,0.023974942478036738
tbats,0.02484716537732296
baggedETS,0
stl,0.027190923530922364
ces,0.025815521641361805
ensemble,0.025199972022883044
