model,scores
ets,0.030839120830700336
auto_arima,0.027252188590065344
theta,0.02882097712643066
rwd,0.026363421485631984
tbats,0.028372211834144165
baggedETS,0
stl,0.030852806500065257
ces,0.02819035035478798
ensemble,0.027915178230099074
