model,scores
ets,0.0251773940766177
auto_arima,0.024557094802458528
theta,0.02675541206707798
rwd,0.023974942478036738
tbats,0.024847165377321352
baggedETS,0
stl,0.027190923530922364
ces,0.02631331028636675
ensemble,0.025347984912752735
