model,scores
ets,0.025824528147016006
auto_arima,0.026259276249920718
theta,0.026859705032736825
rwd,0.023380057420565474
tbats,0.02525058696914459
baggedETS,0
stl,0.02653813997514997
ces,0.02615048628356905
ensemble,0.024583717014346643
